n_pred,n_true,correct_detections,missed_detections,gained_detections,missed_det_from_merge,gained_det_from_split,true_det_in_catastrophe,pred_det_in_catastrophe,merge,split,catastrophe,jaccard
9,10,8,2,1,0,0,0,0,0,0,0,0.745264297311925
9,10,8,2,1,0,0,0,0,0,0,0,0.754813863928113
8,9,8,1,0,0,0,0,0,0,0,0,0.7600860677783755
8,9,8,1,0,0,0,0,0,0,0,0,0.748036991798988
8,9,8,1,0,0,0,0,0,0,0,0,0.7428372981420386
8,9,8,1,0,0,0,0,0,0,0,0,0.7849745480077234
8,9,8,1,0,0,0,0,0,0,0,0,0.7726037325602464
8,9,8,1,0,0,0,0,0,0,0,0,0.7684134701962902
8,9,8,1,0,0,0,0,0,0,0,0,0.7678636863319898
8,9,8,1,0,0,0,0,0,0,0,0,0.748122366733834
8,8,8,0,0,0,0,0,0,0,0,0,0.7935616694740782
8,9,8,1,0,0,0,0,0,0,0,0,0.7840297121634169
8,9,8,1,0,0,0,0,0,0,0,0,0.7662743655755793
8,9,8,1,0,0,0,0,0,0,0,0,0.7690885561101867
8,8,8,0,0,0,0,0,0,0,0,0,0.743801652892562
8,9,8,1,0,0,0,0,0,0,0,0,0.7832412523020258
8,9,8,1,0,0,0,0,0,0,0,0,0.7620838818882829
8,8,8,0,0,0,0,0,0,0,0,0,0.7583842875671669
8,8,8,0,0,0,0,0,0,0,0,0,0.7692016647748771
8,8,8,0,0,0,0,0,0,0,0,0,0.7275040901654245
8,8,8,0,0,0,0,0,0,0,0,0,0.7948717948717948
8,9,8,1,0,0,0,0,0,0,0,0,0.7717712177121772
8,9,8,1,0,0,0,0,0,0,0,0,0.7567719036054549
8,9,8,1,0,0,0,0,0,0,0,0,0.7584699453551913
8,9,8,1,0,0,0,0,0,0,0,0,0.7317612380250552
8,9,8,1,0,0,0,0,0,0,0,0,0.7879248148851339
8,9,8,1,0,0,0,0,0,0,0,0,0.7692307692307693
8,9,8,1,0,0,0,0,0,0,0,0,0.7427041004802364
8,9,8,1,0,0,0,0,0,0,0,0,0.7441431470208448
8,9,8,1,0,0,0,0,0,0,0,0,0.7465368775739424
8,8,8,0,0,0,0,0,0,0,0,0,0.783072817384674
8,8,8,0,0,0,0,0,0,0,0,0,0.757690846942651
8,9,8,1,0,0,0,0,0,0,0,0,0.7291055718475073
8,9,8,1,0,0,0,0,0,0,0,0,0.7369685767097967
8,9,8,1,0,0,0,0,0,0,0,0,0.7319004524886877
7,9,7,2,0,0,0,0,0,0,0,0,0.6211610486891386
7,9,7,2,0,0,0,0,0,0,0,0,0.6399355228692323
8,9,8,1,0,0,0,0,0,0,0,0,0.6095679012345679
8,9,8,1,0,0,0,0,0,0,0,0,0.6287015945330297
8,9,7,2,1,0,0,0,0,0,0,0,0.5936823104693141
13,11,11,0,2,0,0,0,0,0,0,0,0.7456274595540009
12,12,12,0,0,0,0,0,0,0,0,0,0.8020844883024726
12,12,12,0,0,0,0,0,0,0,0,0,0.7753943217665615
12,12,12,0,0,0,0,0,0,0,0,0,0.7505418515842708
12,12,12,0,0,0,0,0,0,0,0,0,0.7902172749652145
12,12,12,0,0,0,0,0,0,0,0,0,0.7872884062599809
12,12,12,0,0,0,0,0,0,0,0,0,0.7801410971885858
12,12,12,0,0,0,0,0,0,0,0,0,0.7546093511255985
12,12,12,0,0,0,0,0,0,0,0,0,0.7797162375197058
12,12,11,1,1,0,0,0,0,0,0,0,0.7660028449502134
12,12,12,0,0,0,0,0,0,0,0,0,0.788140048365051
12,12,12,0,0,0,0,0,0,0,0,0,0.7803022514649943
12,12,12,0,0,0,0,0,0,0,0,0,0.790780888234056
12,12,12,0,0,0,0,0,0,0,0,0,0.7853857945835463
12,12,12,0,0,0,0,0,0,0,0,0,0.76278928136419
12,12,12,0,0,0,0,0,0,0,0,0,0.7746838025295798
12,12,12,0,0,0,0,0,0,0,0,0,0.7921038961038961
12,12,12,0,0,0,0,0,0,0,0,0,0.7643764376437644
12,12,12,0,0,0,0,0,0,0,0,0,0.7540838417634323
12,12,11,1,1,0,0,0,0,0,0,0,0.7383032420889147
12,12,11,1,1,0,0,0,0,0,0,0,0.7720316094828449
12,12,12,0,0,0,0,0,0,0,0,0,0.7867580368840068
12,12,12,0,0,0,0,0,0,0,0,0,0.7765670298910327
13,13,13,0,0,0,0,0,0,0,0,0,0.7746365914786968
13,13,13,0,0,0,0,0,0,0,0,0,0.7495367209597191
13,13,13,0,0,0,0,0,0,0,0,0,0.8021280749707146
13,13,13,0,0,0,0,0,0,0,0,0,0.8228719688653827
13,13,12,1,1,0,0,0,0,0,0,0,0.7697635302265756
13,13,12,1,1,0,0,0,0,0,0,0,0.7634886869077547
15,13,11,0,0,0,2,0,0,0,2,0,0.7594478167221461
13,13,13,0,0,0,0,0,0,0,0,0,0.7784377784377784
13,13,13,0,0,0,0,0,0,0,0,0,0.7743743743743744
13,13,13,0,0,0,0,0,0,0,0,0,0.7766072659249779
13,13,13,0,0,0,0,0,0,0,0,0,0.7672229769066563
14,13,11,1,1,0,1,0,0,0,1,0,0.7805218084047003
13,13,13,0,0,0,0,0,0,0,0,0,0.7970785629688116
13,13,13,0,0,0,0,0,0,0,0,0,0.798146450758733
13,13,13,0,0,0,0,0,0,0,0,0,0.8087027914614121
13,13,13,0,0,0,0,0,0,0,0,0,0.7803497422419893
13,13,13,0,0,0,0,0,0,0,0,0,0.7841939298383918
6,6,6,0,0,0,0,0,0,0,0,0,0.8030139935414424
6,6,6,0,0,0,0,0,0,0,0,0,0.7785657998423956
5,6,5,1,0,0,0,0,0,0,0,0,0.7637083097795364
6,7,5,2,1,0,0,0,0,0,0,0,0.7471948706205633
7,7,5,1,0,0,1,0,0,0,1,0,0.7594000844951415
6,7,6,1,0,0,0,0,0,0,0,0,0.7575363261765343
8,8,6,2,2,0,0,0,0,0,0,0,0.7585474623062222
7,8,7,1,0,0,0,0,0,0,0,0,0.7472324723247232
7,8,7,1,0,0,0,0,0,0,0,0,0.7543929712460063
8,8,5,2,1,0,1,0,0,0,1,0,0.7267968592711899
7,8,7,1,0,0,0,0,0,0,0,0,0.7644818600922029
7,7,7,0,0,0,0,0,0,0,0,0,0.7843601895734598
7,8,7,1,0,0,0,0,0,0,0,0,0.772755546340452
8,8,8,0,0,0,0,0,0,0,0,0,0.7458673571001793
8,8,6,2,2,0,0,0,0,0,0,0,0.7424149867644064
8,8,7,1,1,0,0,0,0,0,0,0,0.8312670729144779
8,8,8,0,0,0,0,0,0,0,0,0,0.761778502957373
8,8,8,0,0,0,0,0,0,0,0,0,0.7723731311855128
8,8,6,0,0,0,0,2,2,0,0,1,0.758728831277441
8,8,6,2,2,0,0,0,0,0,0,0,0.7743391360412637
8,8,5,1,0,0,0,2,3,0,0,1,0.8048182020968102
6,7,6,1,0,0,0,0,0,0,0,0,0.7794930875576037
6,8,6,2,0,0,0,0,0,0,0,0,0.7517825311942959
8,8,6,2,2,0,0,0,0,0,0,0,0.7487869430966034
6,8,5,1,0,1,0,0,0,1,0,0,0.7431906614785992
6,8,5,1,0,1,0,0,0,1,0,0,0.7464507542147294
6,8,6,2,0,0,0,0,0,0,0,0,0.7416520210896309
6,8,6,2,0,0,0,0,0,0,0,0,0.7321006235218233
8,8,6,2,2,0,0,0,0,0,0,0,0.7147999153080669
6,8,6,2,0,0,0,0,0,0,0,0,0.7348703170028819
8,8,5,1,0,0,0,2,3,0,0,1,0.7799202127659575
8,8,5,2,1,0,1,0,0,0,1,0,0.7607791639308382
6,8,6,2,0,0,0,0,0,0,0,0,0.7413982029366645
7,8,6,2,1,0,0,0,0,0,0,0,0.7254028837998303
7,8,6,2,1,0,0,0,0,0,0,0,0.7712344280860702
6,8,5,1,0,1,0,0,0,1,0,0,0.7303943287549844
6,8,5,1,0,1,0,0,0,1,0,0,0.7747378020975833
6,8,6,2,0,0,0,0,0,0,0,0,0.6878599911386797
7,8,6,2,1,0,0,0,0,0,0,0,0.7572423085560297
7,8,4,2,1,0,0,2,2,0,0,1,0.7716814159292036
8,10,7,3,1,0,0,0,0,0,0,0,0.7550981146594844
8,10,8,2,0,0,0,0,0,0,0,0,0.7693628386112171
8,10,8,2,0,0,0,0,0,0,0,0,0.7385844748858448
8,10,7,3,1,0,0,0,0,0,0,0,0.7411598302687411
8,10,7,3,1,0,0,0,0,0,0,0,0.7201933404940923
8,10,7,3,1,0,0,0,0,0,0,0,0.7414941494149415
8,10,7,3,1,0,0,0,0,0,0,0,0.743621326764033
8,10,8,2,0,0,0,0,0,0,0,0,0.7548068442406068
8,10,7,3,1,0,0,0,0,0,0,0,0.7281518624641834
9,9,7,2,2,0,0,0,0,0,0,0,0.7104904632152589
8,10,7,3,1,0,0,0,0,0,0,0,0.7095703807195249
8,10,7,3,1,0,0,0,0,0,0,0,0.715732495198184
8,10,7,3,1,0,0,0,0,0,0,0,0.7072836332476435
8,10,7,3,1,0,0,0,0,0,0,0,0.7189282627484874
8,10,7,3,1,0,0,0,0,0,0,0,0.7059129530084967
8,10,7,3,1,0,0,0,0,0,0,0,0.746673762639702
8,10,7,3,1,0,0,0,0,0,0,0,0.700400627068455
8,9,7,2,1,0,0,0,0,0,0,0,0.7193831809216424
8,9,7,2,1,0,0,0,0,0,0,0,0.7349900235806276
8,9,7,2,1,0,0,0,0,0,0,0,0.7264866772542792
8,9,7,2,1,0,0,0,0,0,0,0,0.7292993630573248
8,9,7,2,1,0,0,0,0,0,0,0,0.6973995271867612
8,9,7,2,1,0,0,0,0,0,0,0,0.7261048304213772
8,10,7,3,1,0,0,0,0,0,0,0,0.6959357752132463
8,10,7,3,1,0,0,0,0,0,0,0,0.6769127965252255
8,10,7,3,1,0,0,0,0,0,0,0,0.7369328963256857
8,10,7,3,1,0,0,0,0,0,0,0,0.7311296643380474
8,10,7,3,1,0,0,0,0,0,0,0,0.7040201005025125
8,10,7,3,1,0,0,0,0,0,0,0,0.7144522144522144
8,9,7,2,1,0,0,0,0,0,0,0,0.7215057511327989
8,9,7,2,1,0,0,0,0,0,0,0,0.7429124845923578
8,9,7,2,1,0,0,0,0,0,0,0,0.7353361945636624
8,9,7,2,1,0,0,0,0,0,0,0,0.7070118292473856
8,9,7,2,1,0,0,0,0,0,0,0,0.7053814713896458
9,9,7,1,0,0,1,0,0,0,1,0,0.7196294976843606
8,9,7,2,1,0,0,0,0,0,0,0,0.7305147058823529
8,9,7,2,1,0,0,0,0,0,0,0,0.761744966442953
9,9,7,2,2,0,0,0,0,0,0,0,0.7251894940948351
8,9,7,2,1,0,0,0,0,0,0,0,0.7349161013923599
9,9,7,2,2,0,0,0,0,0,0,0,0.7146917747379641
14,16,14,2,0,0,0,0,0,0,0,0,0.7419490633550831
15,16,14,2,1,0,0,0,0,0,0,0,0.7273749872175069
13,16,13,3,0,0,0,0,0,0,0,0,0.6702291645257424
14,16,14,2,0,0,0,0,0,0,0,0,0.7183408295852074
14,16,13,3,1,0,0,0,0,0,0,0,0.7132012225179927
14,16,14,2,0,0,0,0,0,0,0,0,0.7433458152008906
14,16,14,2,0,0,0,0,0,0,0,0,0.7303119601666497
14,16,14,2,0,0,0,0,0,0,0,0,0.7337093362876422
13,16,13,3,0,0,0,0,0,0,0,0,0.6826903449683609
14,16,13,3,1,0,0,0,0,0,0,0,0.7035837015218459
14,16,14,2,0,0,0,0,0,0,0,0,0.7445093693330647
14,16,14,2,0,0,0,0,0,0,0,0,0.7227371327154407
13,16,13,3,0,0,0,0,0,0,0,0,0.668259181845327
14,16,14,2,0,0,0,0,0,0,0,0,0.7130071018581574
14,17,13,4,1,0,0,0,0,0,0,0,0.6927421632307258
15,17,15,2,0,0,0,0,0,0,0,0,0.7165590190021529
14,17,13,4,1,0,0,0,0,0,0,0,0.7093614978396543
14,18,14,4,0,0,0,0,0,0,0,0,0.6926515786532551
14,18,14,4,0,0,0,0,0,0,0,0,0.6832760063214651
14,18,13,5,1,0,0,0,0,0,0,0,0.6777315484804631
15,17,14,3,1,0,0,0,0,0,0,0,0.7206973293768546
15,17,13,4,2,0,0,0,0,0,0,0,0.7123160052170673
14,17,14,3,0,0,0,0,0,0,0,0,0.688009749695322
14,17,12,5,2,0,0,0,0,0,0,0,0.688133971291866
14,17,13,4,1,0,0,0,0,0,0,0,0.6737037037037037
15,17,14,3,1,0,0,0,0,0,0,0,0.7296632614453272
14,17,14,3,0,0,0,0,0,0,0,0,0.7087980173482032
13,18,12,6,1,0,0,0,0,0,0,0,0.6812494029993313
13,18,12,6,1,0,0,0,0,0,0,0,0.6720166163141994
13,18,13,5,0,0,0,0,0,0,0,0,0.6808096535616972
13,18,13,5,0,0,0,0,0,0,0,0,0.6845175480539352
12,18,12,6,0,0,0,0,0,0,0,0,0.6287647731605033
12,18,11,7,1,0,0,0,0,0,0,0,0.6159695817490495
11,18,10,8,1,0,0,0,0,0,0,0,0.5465862672631784
14,18,13,5,1,0,0,0,0,0,0,0,0.6769410846664066
14,18,12,6,2,0,0,0,0,0,0,0,0.698314837648993
14,19,14,5,0,0,0,0,0,0,0,0,0.6605176743287619
14,20,12,8,2,0,0,0,0,0,0,0,0.6752622806157467
13,20,13,7,0,0,0,0,0,0,0,0,0.6434864992894362
15,20,13,7,2,0,0,0,0,0,0,0,0.6687476352629588
5,6,4,2,1,0,0,0,0,0,0,0,0.7575853350189633
6,6,5,1,1,0,0,0,0,0,0,0,0.7686777117849328
4,5,4,1,0,0,0,0,0,0,0,0,0.7740863787375415
4,5,3,2,1,0,0,0,0,0,0,0,0.7635983263598326
4,5,4,1,0,0,0,0,0,0,0,0,0.7640918580375783
4,5,4,1,0,0,0,0,0,0,0,0,0.8164079822616408
4,5,3,2,1,0,0,0,0,0,0,0,0.7848378615249781
4,5,3,2,1,0,0,0,0,0,0,0,0.7572205943909586
4,5,3,2,1,0,0,0,0,0,0,0,0.7112387202625102
4,5,3,2,1,0,0,0,0,0,0,0,0.7579927154997976
3,5,3,2,0,0,0,0,0,0,0,0,0.7216708023159636
4,5,3,2,1,0,0,0,0,0,0,0,0.7273848684210527
4,5,4,1,0,0,0,0,0,0,0,0,0.7204692556634305
4,5,3,2,1,0,0,0,0,0,0,0,0.7086922474549726
4,5,3,2,1,0,0,0,0,0,0,0,0.7132292522596549
3,5,3,2,0,0,0,0,0,0,0,0,0.7130225080385852
4,5,3,2,1,0,0,0,0,0,0,0,0.7534979423868313
4,5,2,3,2,0,0,0,0,0,0,0,0.7132138390996249
4,5,3,2,1,0,0,0,0,0,0,0,0.686966640806827
4,5,3,2,1,0,0,0,0,0,0,0,0.7151949085123309
3,5,3,2,0,0,0,0,0,0,0,0,0.7509812472743131
3,5,3,2,0,0,0,0,0,0,0,0,0.7439228834870075
4,5,3,2,1,0,0,0,0,0,0,0,0.7349348534201955
4,5,3,2,1,0,0,0,0,0,0,0,0.7551535549011359
4,5,3,2,1,0,0,0,0,0,0,0,0.714968152866242
3,5,3,2,0,0,0,0,0,0,0,0,0.7468762595727529
5,5,4,1,1,0,0,0,0,0,0,0,0.7606132075471698
5,5,3,2,2,0,0,0,0,0,0,0,0.7779572062979411
3,5,3,2,0,0,0,0,0,0,0,0,0.7311737484223811
3,5,3,2,0,0,0,0,0,0,0,0,0.7313929313929314
4,5,2,2,0,0,1,0,0,0,1,0,0.7043765483071841
3,5,3,2,0,0,0,0,0,0,0,0,0.7402651201325601
3,5,3,2,0,0,0,0,0,0,0,0,0.7466504263093788
3,5,3,2,0,0,0,0,0,0,0,0,0.7084148727984344
3,5,3,2,0,0,0,0,0,0,0,0,0.7555118110236221
3,5,3,2,0,0,0,0,0,0,0,0,0.8122105263157895
3,5,3,2,0,0,0,0,0,0,0,0,0.7508278145695364
3,5,3,2,0,0,0,0,0,0,0,0,0.7605294825511432
3,5,3,2,0,0,0,0,0,0,0,0,0.7413112164296999
3,5,3,2,0,0,0,0,0,0,0,0,0.7086429409464216
6,6,6,0,0,0,0,0,0,0,0,0,0.7363433667781494
6,6,6,0,0,0,0,0,0,0,0,0,0.7678369195922989
6,6,5,1,1,0,0,0,0,0,0,0,0.7382481376830208
8,8,6,2,2,0,0,0,0,0,0,0,0.6972364380757421
8,8,6,2,2,0,0,0,0,0,0,0,0.646193092621664
8,8,7,1,1,0,0,0,0,0,0,0,0.7306914678528104
8,8,5,3,3,0,0,0,0,0,0,0,0.7250633981403212
8,8,7,1,1,0,0,0,0,0,0,0,0.6952721493841876
8,8,6,2,2,0,0,0,0,0,0,0,0.6945337620578779
8,8,6,2,2,0,0,0,0,0,0,0,0.6644474034620506
8,8,7,1,1,0,0,0,0,0,0,0,0.6888519134775375
8,8,6,2,2,0,0,0,0,0,0,0,0.6738146763722211
8,8,6,2,2,0,0,0,0,0,0,0,0.6875744342993251
8,8,6,2,2,0,0,0,0,0,0,0,0.6944555245313123
9,8,7,0,0,0,1,0,0,0,1,0,0.6942496493688639
8,8,8,0,0,0,0,0,0,0,0,0,0.7465111833301472
8,8,7,1,1,0,0,0,0,0,0,0,0.7297560975609756
8,8,8,0,0,0,0,0,0,0,0,0,0.7101284958427816
9,8,6,1,1,0,1,0,0,0,1,0,0.6620524178663714
9,8,7,0,0,0,1,0,0,0,1,0,0.7065488765123872
8,8,7,1,1,0,0,0,0,0,0,0,0.7197197197197197
8,8,7,1,1,0,0,0,0,0,0,0,0.6897861283230062
8,8,7,1,1,0,0,0,0,0,0,0,0.7251194681072096
8,8,6,2,2,0,0,0,0,0,0,0,0.6665353555249163
8,8,7,1,1,0,0,0,0,0,0,0,0.6993451463790447
8,8,7,1,1,0,0,0,0,0,0,0,0.6939174652845688
8,8,7,1,1,0,0,0,0,0,0,0,0.7511302918207974
8,8,7,1,1,0,0,0,0,0,0,0,0.7240963855421687
8,8,7,1,1,0,0,0,0,0,0,0,0.7203887426604576
8,8,8,0,0,0,0,0,0,0,0,0,0.7579340385812072
8,8,7,1,1,0,0,0,0,0,0,0,0.731848361533519
8,8,7,1,1,0,0,0,0,0,0,0,0.7549390500210172
8,8,7,1,1,0,0,0,0,0,0,0,0.7463947259991759
8,8,7,1,1,0,0,0,0,0,0,0,0.7038678485092668
8,8,8,0,0,0,0,0,0,0,0,0,0.7386185243328101
8,8,8,0,0,0,0,0,0,0,0,0,0.7651139742319127
8,8,8,0,0,0,0,0,0,0,0,0,0.7450454170107349
8,8,8,0,0,0,0,0,0,0,0,0,0.7462834489593657
8,8,7,1,1,0,0,0,0,0,0,0,0.7173349291841213
9,8,7,0,0,0,1,0,0,0,1,0,0.7686258278145696
15,19,15,4,0,0,0,0,0,0,0,0,0.7294107206247782
16,19,15,4,1,0,0,0,0,0,0,0,0.7351298643737257
15,19,15,4,0,0,0,0,0,0,0,0,0.7346305460035226
15,19,15,4,0,0,0,0,0,0,0,0,0.7061065469636656
16,19,15,4,1,0,0,0,0,0,0,0,0.722430224642614
15,19,15,4,0,0,0,0,0,0,0,0,0.7108433734939759
15,19,15,4,0,0,0,0,0,0,0,0,0.7259394254968324
15,19,15,4,0,0,0,0,0,0,0,0,0.6996630160067396
15,19,15,4,0,0,0,0,0,0,0,0,0.7237042039507007
16,19,15,4,1,0,0,0,0,0,0,0,0.7031840712425439
17,19,14,4,1,0,1,0,0,0,1,0,0.7323283082077052
16,19,15,4,1,0,0,0,0,0,0,0,0.7139872994652406
15,19,15,4,0,0,0,0,0,0,0,0,0.7116736990154712
15,19,15,4,0,0,0,0,0,0,0,0,0.7025131502045587
16,19,15,4,1,0,0,0,0,0,0,0,0.6889285135354191
17,19,15,4,2,0,0,0,0,0,0,0,0.7256736227712481
17,19,15,4,2,0,0,0,0,0,0,0,0.7221136622699886
17,19,15,4,2,0,0,0,0,0,0,0,0.7190664556962025
17,19,15,4,2,0,0,0,0,0,0,0,0.7070998796630565
18,19,15,4,3,0,0,0,0,0,0,0,0.7229843561973526
17,19,15,4,2,0,0,0,0,0,0,0,0.7381460213289581
19,19,17,2,2,0,0,0,0,0,0,0,0.7502231599448186
18,19,15,4,3,0,0,0,0,0,0,0,0.7310585068482306
18,19,15,4,3,0,0,0,0,0,0,0,0.7032832157103406
19,19,16,3,3,0,0,0,0,0,0,0,0.7362951209837366
18,19,15,4,3,0,0,0,0,0,0,0,0.7261286770489225
19,19,15,4,4,0,0,0,0,0,0,0,0.7372337898820363
18,19,15,4,3,0,0,0,0,0,0,0,0.717468594453662
19,20,14,6,5,0,0,0,0,0,0,0,0.711392208598479
20,20,18,2,2,0,0,0,0,0,0,0,0.7081317668739922
20,20,17,3,3,0,0,0,0,0,0,0,0.7495674060091237
20,20,16,4,4,0,0,0,0,0,0,0,0.7438766726660928
19,20,16,4,3,0,0,0,0,0,0,0,0.731722380915618
18,20,16,4,2,0,0,0,0,0,0,0,0.7187769502156017
20,20,17,3,3,0,0,0,0,0,0,0,0.7445497630331753
19,20,16,4,3,0,0,0,0,0,0,0,0.7375397256026665
18,20,16,4,2,0,0,0,0,0,0,0,0.7349464498214994
18,20,18,2,0,0,0,0,0,0,0,0,0.7392127474954642
18,20,16,4,2,0,0,0,0,0,0,0,0.7178283657983259
19,20,18,2,1,0,0,0,0,0,0,0,0.7287080613329285
2,2,2,0,0,0,0,0,0,0,0,0,0.7983651226158038
2,2,1,1,1,0,0,0,0,0,0,0,0.7354925775978407
2,2,1,1,1,0,0,0,0,0,0,0,0.7761194029850746
2,2,1,1,1,0,0,0,0,0,0,0,0.7431302270011948
2,2,1,1,1,0,0,0,0,0,0,0,0.7714285714285715
2,2,2,0,0,0,0,0,0,0,0,0,0.7671068427370948
2,2,1,1,1,0,0,0,0,0,0,0,0.7776427703523694
2,2,2,0,0,0,0,0,0,0,0,0,0.7297297297297297
2,2,2,0,0,0,0,0,0,0,0,0,0.7606659729448492
2,2,2,0,0,0,0,0,0,0,0,0,0.7600411946446962
2,2,2,0,0,0,0,0,0,0,0,0,0.8251599147121536
2,2,2,0,0,0,0,0,0,0,0,0,0.8535606820461384
2,2,2,0,0,0,0,0,0,0,0,0,0.8073122529644269
2,2,2,0,0,0,0,0,0,0,0,0,0.8380765456329735
2,2,2,0,0,0,0,0,0,0,0,0,0.8295788442703232
2,2,2,0,0,0,0,0,0,0,0,0,0.7841020608439647
2,2,2,0,0,0,0,0,0,0,0,0,0.8099173553719008
2,2,2,0,0,0,0,0,0,0,0,0,0.7647628267182962
2,2,2,0,0,0,0,0,0,0,0,0,0.7767584097859327
2,2,2,0,0,0,0,0,0,0,0,0,0.7416173570019724
2,2,2,0,0,0,0,0,0,0,0,0,0.8013765978367748
2,2,2,0,0,0,0,0,0,0,0,0,0.826625386996904
2,2,2,0,0,0,0,0,0,0,0,0,0.7849686847599165
3,2,1,0,0,0,1,0,0,0,1,0,0.7349643221202854
2,2,2,0,0,0,0,0,0,0,0,0,0.7334732423924449
2,2,2,0,0,0,0,0,0,0,0,0,0.7658898305084746
2,2,2,0,0,0,0,0,0,0,0,0,0.7960308710033076
2,2,2,0,0,0,0,0,0,0,0,0,0.7586206896551724
2,2,2,0,0,0,0,0,0,0,0,0,0.7476139978791092
2,2,1,1,1,0,0,0,0,0,0,0,0.7090367428003972
2,2,2,0,0,0,0,0,0,0,0,0,0.7803590285110876
2,2,2,0,0,0,0,0,0,0,0,0,0.7773359840954275
2,2,2,0,0,0,0,0,0,0,0,0,0.7425552353506244
2,2,2,0,0,0,0,0,0,0,0,0,0.7594202898550725
2,2,2,0,0,0,0,0,0,0,0,0,0.7911025145067698
2,2,2,0,0,0,0,0,0,0,0,0,0.8031341821743389
2,2,2,0,0,0,0,0,0,0,0,0,0.80990099009901
3,2,1,0,0,0,1,0,0,0,1,0,0.7273584905660377
3,2,1,0,0,0,1,0,0,0,1,0,0.7277179236043095
2,2,2,0,0,0,0,0,0,0,0,0,0.7268292682926829
10,10,9,1,1,0,0,0,0,0,0,0,0.7381741089174506
10,10,10,0,0,0,0,0,0,0,0,0,0.7938482570061517
11,11,10,1,1,0,0,0,0,0,0,0,0.7901462257937031
10,11,10,1,0,0,0,0,0,0,0,0,0.6984291834350254
10,11,10,1,0,0,0,0,0,0,0,0,0.7509181532004198
11,11,11,0,0,0,0,0,0,0,0,0,0.7667994346652962
11,11,10,1,1,0,0,0,0,0,0,0,0.7555040556199305
11,11,11,0,0,0,0,0,0,0,0,0,0.7545536752357577
10,11,10,1,0,0,0,0,0,0,0,0,0.7567567567567568
10,11,10,1,0,0,0,0,0,0,0,0,0.736281840070967
11,11,9,2,2,0,0,0,0,0,0,0,0.7554451662208636
10,11,10,1,0,0,0,0,0,0,0,0,0.7515616866215513
11,11,10,1,1,0,0,0,0,0,0,0,0.7365231662668855
11,11,10,1,1,0,0,0,0,0,0,0,0.7692899256600871
10,11,10,1,0,0,0,0,0,0,0,0,0.7443340972752738
11,11,10,1,1,0,0,0,0,0,0,0,0.7564641446949433
10,11,9,2,1,0,0,0,0,0,0,0,0.7156154317207594
10,10,9,1,1,0,0,0,0,0,0,0,0.6855146961908528
10,11,10,1,0,0,0,0,0,0,0,0,0.7394251286557048
10,11,10,1,0,0,0,0,0,0,0,0,0.7413449564134496
10,10,10,0,0,0,0,0,0,0,0,0,0.7585673795413553
10,11,10,1,0,0,0,0,0,0,0,0,0.7758990536277602
10,10,10,0,0,0,0,0,0,0,0,0,0.7477110885045778
10,10,10,0,0,0,0,0,0,0,0,0,0.7413947536788228
10,10,10,0,0,0,0,0,0,0,0,0,0.7562319601154552
10,9,8,1,2,0,0,0,0,0,0,0,0.6892604501607718
10,10,9,1,1,0,0,0,0,0,0,0,0.7445162926334474
10,10,9,1,1,0,0,0,0,0,0,0,0.7186316586720525
10,10,9,1,1,0,0,0,0,0,0,0,0.7484260567904407
10,10,9,1,1,0,0,0,0,0,0,0,0.747291069871715
10,10,9,1,1,0,0,0,0,0,0,0,0.7306873669713284
10,10,10,0,0,0,0,0,0,0,0,0,0.7401887729756582
10,10,10,0,0,0,0,0,0,0,0,0,0.7564857751597944
10,10,9,1,1,0,0,0,0,0,0,0,0.7474350854971501
10,10,10,0,0,0,0,0,0,0,0,0,0.7488679001164446
10,10,10,0,0,0,0,0,0,0,0,0,0.7804370447450573
10,10,9,1,1,0,0,0,0,0,0,0,0.7401465386558869
10,10,10,0,0,0,0,0,0,0,0,0,0.738969650599337
10,10,9,1,1,0,0,0,0,0,0,0,0.7050788526015149
10,10,9,1,1,0,0,0,0,0,0,0,0.7246898263027295
9,7,3,2,2,0,2,0,0,0,2,0,0.7311298640412565
7,7,5,2,2,0,0,0,0,0,0,0,0.7478681723899516
7,7,6,1,1,0,0,0,0,0,0,0,0.7683480755438681
7,7,5,2,2,0,0,0,0,0,0,0,0.7696999268114174
7,7,5,2,2,0,0,0,0,0,0,0,0.7246625766871165
6,7,5,2,1,0,0,0,0,0,0,0,0.7288177955511123
6,7,5,2,1,0,0,0,0,0,0,0,0.7490701710885197
6,7,5,2,1,0,0,0,0,0,0,0,0.7421383647798742
6,7,5,2,1,0,0,0,0,0,0,0,0.7338129496402878
6,7,5,2,1,0,0,0,0,0,0,0,0.7042218949435445
7,7,4,2,1,0,1,0,0,0,1,0,0.7348447511089207
6,7,5,2,1,0,0,0,0,0,0,0,0.7461557237002685
6,7,5,2,1,0,0,0,0,0,0,0,0.737300435413643
6,7,5,2,1,0,0,0,0,0,0,0,0.7147838214783822
8,7,3,2,1,0,2,0,0,0,2,0,0.708049753578972
7,7,5,1,0,0,1,0,0,0,1,0,0.7652680652680652
6,7,6,1,0,0,0,0,0,0,0,0,0.7786514176792947
6,7,6,1,0,0,0,0,0,0,0,0,0.7479281767955801
8,7,5,1,1,0,1,0,0,0,1,0,0.7407322654462243
7,7,5,1,0,0,1,0,0,0,1,0,0.7442289935364728
8,7,5,1,1,0,1,0,0,0,1,0,0.8100238663484487
8,7,5,1,1,0,1,0,0,0,1,0,0.7892857142857143
6,7,6,1,0,0,0,0,0,0,0,0,0.7413446504355595
6,7,6,1,0,0,0,0,0,0,0,0,0.7729891188393428
8,7,4,1,0,0,2,0,0,0,2,0,0.802772808586762
6,7,6,1,0,0,0,0,0,0,0,0,0.8162986569542454
6,7,6,1,0,0,0,0,0,0,0,0,0.7575287865367581
6,7,6,1,0,0,0,0,0,0,0,0,0.7885958981293667
6,7,6,1,0,0,0,0,0,0,0,0,0.8034630087699572
8,7,5,1,1,0,1,0,0,0,1,0,0.7743801652892562
7,7,7,0,0,0,0,0,0,0,0,0,0.7937984496124031
7,7,7,0,0,0,0,0,0,0,0,0,0.8201793721973094
7,7,7,0,0,0,0,0,0,0,0,0,0.7689747003994674
7,7,7,0,0,0,0,0,0,0,0,0,0.7845944103612815
7,7,6,1,1,0,0,0,0,0,0,0,0.765661252900232
9,7,5,1,2,0,1,0,0,0,1,0,0.8118304611085235
9,7,5,1,2,0,1,0,0,0,1,0,0.7718198700092851
8,7,5,1,1,0,1,0,0,0,1,0,0.7906094379890918
6,7,6,1,0,0,0,0,0,0,0,0,0.7739510065486296
7,7,6,1,1,0,0,0,0,0,0,0,0.7667516809645258
8,8,8,0,0,0,0,0,0,0,0,0,0.7715805731937532
8,8,8,0,0,0,0,0,0,0,0,0,0.7701703079305006
6,7,6,1,0,0,0,0,0,0,0,0,0.6621209037248117
6,7,4,2,0,0,1,0,0,0,1,0,0.5502507522567703
7,7,5,0,0,0,0,2,2,0,0,1,0.751652313238534
7,7,7,0,0,0,0,0,0,0,0,0,0.791575601033181
6,7,6,1,0,0,0,0,0,0,0,0,0.6553764537849418
7,7,7,0,0,0,0,0,0,0,0,0,0.7814776274713839
7,7,7,0,0,0,0,0,0,0,0,0,0.7731143552311436
7,7,5,1,0,0,1,0,0,0,1,0,0.6524550414225097
7,7,7,0,0,0,0,0,0,0,0,0,0.7850142915475704
6,7,6,1,0,0,0,0,0,0,0,0,0.6880848409232688
6,7,6,1,0,0,0,0,0,0,0,0,0.6791231732776618
7,7,7,0,0,0,0,0,0,0,0,0,0.7565513102620524
8,7,6,0,0,0,1,0,0,0,1,0,0.767019365142743
7,7,7,0,0,0,0,0,0,0,0,0,0.8142483397061783
6,7,6,1,0,0,0,0,0,0,0,0,0.6466255225960581
6,7,6,1,0,0,0,0,0,0,0,0,0.6698412698412698
6,7,6,1,0,0,0,0,0,0,0,0,0.6579508037962425
7,7,7,0,0,0,0,0,0,0,0,0,0.7875913851017585
7,7,7,0,0,0,0,0,0,0,0,0,0.8029949436017114
6,7,6,1,0,0,0,0,0,0,0,0,0.672420634920635
6,7,6,1,0,0,0,0,0,0,0,0,0.6947519475194752
7,7,7,0,0,0,0,0,0,0,0,0,0.7661069894572433
7,7,7,0,0,0,0,0,0,0,0,0,0.7585342333654773
7,7,7,0,0,0,0,0,0,0,0,0,0.7718550106609808
6,7,6,1,0,0,0,0,0,0,0,0,0.6710301650540694
6,7,6,1,0,0,0,0,0,0,0,0,0.6963238169730153
7,7,7,0,0,0,0,0,0,0,0,0,0.7926070038910505
7,7,7,0,0,0,0,0,0,0,0,0,0.7697574334898278
7,7,7,0,0,0,0,0,0,0,0,0,0.7851302528997909
7,7,7,0,0,0,0,0,0,0,0,0,0.7844827586206896
7,7,7,0,0,0,0,0,0,0,0,0,0.7989224552626515
7,7,7,0,0,0,0,0,0,0,0,0,0.7878433664523671
7,7,7,0,0,0,0,0,0,0,0,0,0.7592947489459563
7,7,7,0,0,0,0,0,0,0,0,0,0.7913561847988078
6,7,6,1,0,0,0,0,0,0,0,0,0.6648905803996195
7,7,7,0,0,0,0,0,0,0,0,0,0.7921174652241113
7,7,7,0,0,0,0,0,0,0,0,0,0.7715377268385865
8,7,6,0,0,0,1,0,0,0,1,0,0.7575584711922418
2,3,2,1,0,0,0,0,0,0,0,0,0.6542108198549916
2,3,2,1,0,0,0,0,0,0,0,0,0.6138443935926774
3,3,2,1,1,0,0,0,0,0,0,0,0.5141451414514145
1,3,1,2,0,0,0,0,0,0,0,0,0.2671500278862242
2,3,2,1,0,0,0,0,0,0,0,0,0.5877005347593582
2,3,2,1,0,0,0,0,0,0,0,0,0.5533980582524272
2,3,2,1,0,0,0,0,0,0,0,0,0.6094168004280364
3,3,2,1,1,0,0,0,0,0,0,0,0.44324772162386084
2,3,2,1,0,0,0,0,0,0,0,0,0.6134405514072372
2,3,2,1,0,0,0,0,0,0,0,0,0.5952248750694059
1,3,1,2,0,0,0,0,0,0,0,0,0.21995589856670342
1,3,1,2,0,0,0,0,0,0,0,0,0.22091152815013404
2,3,1,2,1,0,0,0,0,0,0,0,0.23777883246321785
1,3,1,2,0,0,0,0,0,0,0,0,0.2676273803396809
2,3,2,1,0,0,0,0,0,0,0,0,0.6893523600439078
2,3,2,1,0,0,0,0,0,0,0,0,0.6952544311034877
2,3,2,1,0,0,0,0,0,0,0,0,0.6531506849315069
2,3,2,1,0,0,0,0,0,0,0,0,0.6253474152306837
2,3,2,1,0,0,0,0,0,0,0,0,0.5995611629182666
2,3,2,1,0,0,0,0,0,0,0,0,0.6014412416851441
2,3,2,1,0,0,0,0,0,0,0,0,0.6208072768618533
2,3,2,1,0,0,0,0,0,0,0,0,0.6588648332358105
2,3,2,1,0,0,0,0,0,0,0,0,0.5891032917139614
1,3,1,2,0,0,0,0,0,0,0,0,0.20143027413587605
2,3,2,1,0,0,0,0,0,0,0,0,0.6410876132930513
2,3,2,1,0,0,0,0,0,0,0,0,0.6409666283084005
2,3,2,1,0,0,0,0,0,0,0,0,0.6342788171394086
2,3,2,1,0,0,0,0,0,0,0,0,0.6521181001283697
2,3,2,1,0,0,0,0,0,0,0,0,0.6580188679245284
2,3,2,1,0,0,0,0,0,0,0,0,0.5929705215419501
1,3,1,2,0,0,0,0,0,0,0,0,0.49026993094789706
2,3,1,2,1,0,0,0,0,0,0,0,0.525664811379097
1,3,1,2,0,0,0,0,0,0,0,0,0.4968632371392723
2,3,1,2,1,0,0,0,0,0,0,0,0.5176908752327747
2,3,1,2,1,0,0,0,0,0,0,0,0.520933014354067
2,4,1,3,1,0,0,0,0,0,0,0,0.508749189889825
1,4,0,4,1,0,0,0,0,0,0,0,0.04717655468191565
4,4,2,2,2,0,0,0,0,0,0,0,0.34500552893475855
2,4,1,3,1,0,0,0,0,0,0,0,0.10522832561217736
2,4,1,3,1,0,0,0,0,0,0,0,0.526791089704997
5,5,3,2,2,0,0,0,0,0,0,0,0.6887853029887578
5,5,4,1,1,0,0,0,0,0,0,0,0.7314416738320436
4,4,3,1,1,0,0,0,0,0,0,0,0.666333998669328
4,4,3,1,1,0,0,0,0,0,0,0,0.6670078471511429
4,4,3,1,1,0,0,0,0,0,0,0,0.705444707473791
4,4,3,1,1,0,0,0,0,0,0,0,0.716
4,4,3,1,1,0,0,0,0,0,0,0,0.7042631755622693
4,4,3,1,1,0,0,0,0,0,0,0,0.7083474146671173
4,4,3,1,1,0,0,0,0,0,0,0,0.7053324099722992
4,4,3,1,1,0,0,0,0,0,0,0,0.7118466898954704
4,4,3,1,1,0,0,0,0,0,0,0,0.6992431720960842
4,4,3,1,1,0,0,0,0,0,0,0,0.7469837986901069
4,4,4,0,0,0,0,0,0,0,0,0,0.7872105843439912
4,4,3,1,1,0,0,0,0,0,0,0,0.7174206617150574
4,4,3,1,1,0,0,0,0,0,0,0,0.7481713688610241
4,4,4,0,0,0,0,0,0,0,0,0,0.7971171171171171
4,4,4,0,0,0,0,0,0,0,0,0,0.7715315315315315
4,4,4,0,0,0,0,0,0,0,0,0,0.763836369886559
4,4,4,0,0,0,0,0,0,0,0,0,0.7429775280898876
4,4,4,0,0,0,0,0,0,0,0,0,0.7643356643356644
4,4,4,0,0,0,0,0,0,0,0,0,0.8552477565353102
4,4,4,0,0,0,0,0,0,0,0,0,0.8097907324364724
4,4,4,0,0,0,0,0,0,0,0,0,0.815123010130246
4,4,4,0,0,0,0,0,0,0,0,0,0.7634521313766597
4,4,3,1,1,0,0,0,0,0,0,0,0.7554630593132154
4,4,4,0,0,0,0,0,0,0,0,0,0.7791666666666667
4,4,4,0,0,0,0,0,0,0,0,0,0.7198861840025292
4,4,4,0,0,0,0,0,0,0,0,0,0.7198515769944341
4,4,4,0,0,0,0,0,0,0,0,0,0.71019509125236
4,4,3,1,1,0,0,0,0,0,0,0,0.6441066819615715
4,4,4,0,0,0,0,0,0,0,0,0,0.7079395085066162
4,4,4,0,0,0,0,0,0,0,0,0,0.6978851963746223
4,4,4,0,0,0,0,0,0,0,0,0,0.6782725142283227
5,5,2,3,3,0,0,0,0,0,0,0,0.6559343434343434
5,5,4,1,1,0,0,0,0,0,0,0,0.7093057607090103
5,5,5,0,0,0,0,0,0,0,0,0,0.7180974477958236
5,5,4,1,1,0,0,0,0,0,0,0,0.7296684613204873
5,5,5,0,0,0,0,0,0,0,0,0,0.726779252110977
5,5,5,0,0,0,0,0,0,0,0,0,0.7382053654024052
5,5,5,0,0,0,0,0,0,0,0,0,0.7403508771929824
1,3,1,2,0,0,0,0,0,0,0,0,0.22061855670103092
1,3,1,2,0,0,0,0,0,0,0,0,0.22731804586241275
1,3,1,2,0,0,0,0,0,0,0,0,0.28756674294431733
3,3,1,1,0,0,1,0,0,0,1,0,0.6899038461538461
2,3,2,1,0,0,0,0,0,0,0,0,0.6826843413421707
3,3,3,0,0,0,0,0,0,0,0,0,0.7840637450199203
3,3,2,1,1,0,0,0,0,0,0,0,0.7162899454403742
3,3,2,1,1,0,0,0,0,0,0,0,0.7322530864197531
3,3,2,1,1,0,0,0,0,0,0,0,0.6804281345565749
3,3,2,1,1,0,0,0,0,0,0,0,0.6915204678362573
3,3,3,0,0,0,0,0,0,0,0,0,0.7131208302446257
3,3,3,0,0,0,0,0,0,0,0,0,0.7796730632551528
3,3,3,0,0,0,0,0,0,0,0,0,0.720492396813903
3,3,3,0,0,0,0,0,0,0,0,0,0.7173119065010957
3,3,2,1,1,0,0,0,0,0,0,0,0.7073884418434528
3,3,3,0,0,0,0,0,0,0,0,0,0.7518301610541728
3,3,3,0,0,0,0,0,0,0,0,0,0.746090841399851
3,3,2,1,1,0,0,0,0,0,0,0,0.680677966101695
3,3,3,0,0,0,0,0,0,0,0,0,0.7320402298850575
3,3,2,1,1,0,0,0,0,0,0,0,0.679020979020979
3,3,3,0,0,0,0,0,0,0,0,0,0.7548872180451128
3,3,3,0,0,0,0,0,0,0,0,0,0.748546511627907
3,3,3,0,0,0,0,0,0,0,0,0,0.7652237710931769
3,3,3,0,0,0,0,0,0,0,0,0,0.7396280400572246
4,3,2,0,0,0,1,0,0,0,1,0,0.7531411677753141
3,3,2,1,1,0,0,0,0,0,0,0,0.6811808118081181
3,3,3,0,0,0,0,0,0,0,0,0,0.7426856714178545
3,3,3,0,0,0,0,0,0,0,0,0,0.727662616154396
3,3,2,1,1,0,0,0,0,0,0,0,0.7179856115107913
3,3,1,2,2,0,0,0,0,0,0,0,0.6329378925331473
3,3,2,1,1,0,0,0,0,0,0,0,0.7253731343283583
3,3,3,0,0,0,0,0,0,0,0,0,0.7002081887578071
3,4,2,2,1,0,0,0,0,0,0,0,0.6053299492385786
3,3,3,0,0,0,0,0,0,0,0,0,0.7458300238284352
3,3,3,0,0,0,0,0,0,0,0,0,0.7038796516231196
3,3,3,0,0,0,0,0,0,0,0,0,0.7562695924764891
3,3,3,0,0,0,0,0,0,0,0,0,0.7889763779527559
3,3,3,0,0,0,0,0,0,0,0,0,0.8040238450074516
3,4,3,1,0,0,0,0,0,0,0,0,0.7238644556596971
4,4,3,1,1,0,0,0,0,0,0,0,0.7247191011235955
10,12,9,3,1,0,0,0,0,0,0,0,0.7395311017753083
10,12,9,3,1,0,0,0,0,0,0,0,0.7017451777981892
11,12,11,1,0,0,0,0,0,0,0,0,0.7479024646040902
11,12,11,1,0,0,0,0,0,0,0,0,0.7206412327575494
11,12,11,1,0,0,0,0,0,0,0,0,0.739817859853276
11,12,11,1,0,0,0,0,0,0,0,0,0.772475884244373
11,12,11,1,0,0,0,0,0,0,0,0,0.7369880277252678
11,12,11,1,0,0,0,0,0,0,0,0,0.7570504527813713
11,12,10,2,1,0,0,0,0,0,0,0,0.7310327949094468
11,12,11,1,0,0,0,0,0,0,0,0,0.7234691388143449
11,12,11,1,0,0,0,0,0,0,0,0,0.7408901777833816
11,12,10,2,1,0,0,0,0,0,0,0,0.7227294569918309
11,12,11,1,0,0,0,0,0,0,0,0,0.7554791029561672
11,12,11,1,0,0,0,0,0,0,0,0,0.7275415896487986
11,12,11,1,0,0,0,0,0,0,0,0,0.7278481012658228
11,12,11,1,0,0,0,0,0,0,0,0,0.7359237718104195
11,12,11,1,0,0,0,0,0,0,0,0,0.7553801095122883
12,12,9,1,0,0,0,2,3,0,0,1,0.7004318322023443
12,12,9,1,0,0,0,2,3,0,0,1,0.7170308967596082
13,12,10,0,0,0,0,2,3,0,0,1,0.729121278140886
13,12,10,2,3,0,0,0,0,0,0,0,0.7219499613102914
12,13,9,2,2,1,0,0,0,1,0,0,0.6985789080029918
12,13,11,2,1,0,0,0,0,0,0,0,0.6975906607054148
12,13,12,1,0,0,0,0,0,0,0,0,0.7067422810333963
14,14,14,0,0,0,0,0,0,0,0,0,0.7359716479621973
13,14,13,1,0,0,0,0,0,0,0,0,0.7296553374820488
13,14,13,1,0,0,0,0,0,0,0,0,0.7237872589129164
13,14,13,1,0,0,0,0,0,0,0,0,0.7238593155893536
13,14,12,2,1,0,0,0,0,0,0,0,0.716765699638821
13,14,12,2,1,0,0,0,0,0,0,0,0.7054290718038528
13,14,13,1,0,0,0,0,0,0,0,0,0.7399597204122734
13,14,13,1,0,0,0,0,0,0,0,0,0.7338474120808506
14,14,14,0,0,0,0,0,0,0,0,0,0.7391810144253141
13,14,13,1,0,0,0,0,0,0,0,0,0.7283236994219653
13,14,13,1,0,0,0,0,0,0,0,0,0.7275667904636396
13,14,13,1,0,0,0,0,0,0,0,0,0.7626769938279075
13,13,13,0,0,0,0,0,0,0,0,0,0.7758145363408522
13,13,13,0,0,0,0,0,0,0,0,0,0.7519245095604669
13,13,13,0,0,0,0,0,0,0,0,0,0.7319255547602004
13,13,13,0,0,0,0,0,0,0,0,0,0.7051597051597052
4,6,2,4,2,0,0,0,0,0,0,0,0.4332993890020367
4,6,3,3,1,0,0,0,0,0,0,0,0.4324730643948885
5,6,3,3,2,0,0,0,0,0,0,0,0.5778538254705451
4,6,3,3,1,0,0,0,0,0,0,0,0.4370860927152318
5,6,4,2,1,0,0,0,0,0,0,0,0.589724680432645
5,6,5,1,0,0,0,0,0,0,0,0,0.6274459974587039
5,6,4,2,1,0,0,0,0,0,0,0,0.6470588235294118
4,6,4,2,0,0,0,0,0,0,0,0,0.5913474068282513
4,6,3,3,1,0,0,0,0,0,0,0,0.5901551631888711
5,6,5,1,0,0,0,0,0,0,0,0,0.6037406483790524
5,6,5,1,0,0,0,0,0,0,0,0,0.6248422115627367
5,6,4,2,1,0,0,0,0,0,0,0,0.6002946231279156
3,6,2,4,1,0,0,0,0,0,0,0,0.3872198378636147
4,6,3,3,1,0,0,0,0,0,0,0,0.46504924333413405
4,6,3,3,1,0,0,0,0,0,0,0,0.45178399228543875
5,6,4,2,1,0,0,0,0,0,0,0,0.6245855045002369
5,6,5,1,0,0,0,0,0,0,0,0,0.659432387312187
5,6,5,1,0,0,0,0,0,0,0,0,0.6606847697756789
4,6,4,2,0,0,0,0,0,0,0,0,0.5250891795481569
5,6,5,1,0,0,0,0,0,0,0,0,0.6716634429400387
5,6,5,1,0,0,0,0,0,0,0,0,0.6894117647058824
4,6,4,2,0,0,0,0,0,0,0,0,0.5323395046886271
5,6,5,1,0,0,0,0,0,0,0,0,0.6410995344712924
5,6,5,1,0,0,0,0,0,0,0,0,0.6671177266576455
5,6,5,1,0,0,0,0,0,0,0,0,0.65816211334387
5,6,5,1,0,0,0,0,0,0,0,0,0.6771493212669684
5,6,5,1,0,0,0,0,0,0,0,0,0.6826306141154904
4,6,4,2,0,0,0,0,0,0,0,0,0.5243874513395924
5,6,5,1,0,0,0,0,0,0,0,0,0.6750055346468895
6,6,6,0,0,0,0,0,0,0,0,0,0.8077451879010082
5,6,5,1,0,0,0,0,0,0,0,0,0.6913749714024251
5,6,5,1,0,0,0,0,0,0,0,0,0.6663728514764213
4,6,4,2,0,0,0,0,0,0,0,0,0.524443474465299
5,6,5,1,0,0,0,0,0,0,0,0,0.6501383273036816
5,6,5,1,0,0,0,0,0,0,0,0,0.6409469530907497
5,6,5,1,0,0,0,0,0,0,0,0,0.6775510204081633
4,6,3,3,1,0,0,0,0,0,0,0,0.4504706409681757
5,6,4,2,1,0,0,0,0,0,0,0,0.5839907192575406
5,6,4,2,1,0,0,0,0,0,0,0,0.5882494004796163
6,6,6,0,0,0,0,0,0,0,0,0,0.7710759198882161
2,2,2,0,0,0,0,0,0,0,0,0,0.8345177664974619
1,2,1,1,0,0,0,0,0,0,0,0,0.7232049947970863
2,2,2,0,0,0,0,0,0,0,0,0,0.7326732673267327
2,2,1,1,1,0,0,0,0,0,0,0,0.730593607305936
2,2,2,0,0,0,0,0,0,0,0,0,0.7626811594202898
2,2,2,0,0,0,0,0,0,0,0,0,0.7857142857142857
2,2,2,0,0,0,0,0,0,0,0,0,0.7921847246891652
2,2,2,0,0,0,0,0,0,0,0,0,0.7994604316546763
2,2,1,1,1,0,0,0,0,0,0,0,0.8037661050545094
2,2,1,1,1,0,0,0,0,0,0,0,0.7658291457286432
1,2,1,1,0,0,0,0,0,0,0,0,0.7459634015069968
1,2,1,1,0,0,0,0,0,0,0,0,0.7598299681190224
1,2,1,1,0,0,0,0,0,0,0,0,0.7139979859013091
1,2,1,1,0,0,0,0,0,0,0,0,0.7576396206533192
1,2,1,1,0,0,0,0,0,0,0,0,0.7540983606557377
1,2,1,1,0,0,0,0,0,0,0,0,0.7303128371089536
1,2,1,1,0,0,0,0,0,0,0,0,0.7795698924731183
1,2,1,1,0,0,0,0,0,0,0,0,0.7593360995850622
1,2,1,1,0,0,0,0,0,0,0,0,0.7610419026047565
1,2,1,1,0,0,0,0,0,0,0,0,0.7817142857142857
1,2,1,1,0,0,0,0,0,0,0,0,0.7978142076502732
1,2,1,1,0,0,0,0,0,0,0,0,0.7830802603036876
1,2,1,1,0,0,0,0,0,0,0,0,0.7169614984391259
1,2,1,1,0,0,0,0,0,0,0,0,0.7730263157894737
1,2,1,1,0,0,0,0,0,0,0,0,0.7450110864745011
1,2,1,1,0,0,0,0,0,0,0,0,0.7275541795665634
1,2,1,1,0,0,0,0,0,0,0,0,0.7511363636363636
1,2,1,1,0,0,0,0,0,0,0,0,0.7577497129735936
1,2,1,1,0,0,0,0,0,0,0,0,0.7917159763313609
1,2,1,1,0,0,0,0,0,0,0,0,0.7889908256880734
1,2,1,1,0,0,0,0,0,0,0,0,0.7986030267753201
1,2,1,1,0,0,0,0,0,0,0,0,0.8353365384615384
1,2,1,1,0,0,0,0,0,0,0,0,0.8289920724801813
1,2,1,1,0,0,0,0,0,0,0,0,0.8656361474435196
1,2,1,1,0,0,0,0,0,0,0,0,0.827906976744186
1,2,1,1,0,0,0,0,0,0,0,0,0.856272838002436
1,2,1,1,0,0,0,0,0,0,0,0,0.8289156626506025
1,2,1,1,0,0,0,0,0,0,0,0,0.8316268486916951
1,2,1,1,0,0,0,0,0,0,0,0,0.8561320754716981
1,2,1,1,0,0,0,0,0,0,0,0,0.7379385964912281
